url,gia_ban,dien_tich_m2,quan_huyen,loai_hinh,nguon_du_lieu
https://nhadat.cafeland.vn/ban-nha-rieng-nha-pho-thuong-mai-tai-the-sun-avenue-dt-120m2-ham-5-tang-gia-39-3169775.html,39500.0,120.0,Quận 2,Nhà riêng,cafeland
https://nhadat.cafeland.vn/ban-can-ho-chung-cu-ban-can-ho-chung-cu-homyland-1-116m2-3pn-2wc-q2-hcm-3169720.html,6500.0,116.0,Quận 2,Căn hộ,cafeland
https://nhadat.cafeland.vn/ban-can-ho-chung-cu-ban-cc-centana-thu-thiem-gia-chi-43-ty-75m2-2pn-2wc-co-3169870.html,4300.0,75.0,Quận 2,Căn hộ,cafeland
https://nhadat.cafeland.vn/ban-can-ho-chung-cu-ban-can-ho-an-phu-an-khanh-88m2-gia-52-ty-2pn-gia-hoi-thi-3169877.html,5200.0,88.0,Quận 2,Căn hộ,cafeland
https://nhadat.cafeland.vn/ban-nha-rieng-ban-nha-rieng-60m2-full-tho-cu-gia-287-ty-shr-tai-phuong-10-qu-3169810.html,2870.0,60.0,Quận Gò Vấp,Nhà riêng,cafeland
https://nhadat.cafeland.vn/ban-nha-rieng-ngang-45m-dai-15m-xay-5-tang-8ty-ngay-nga-tu-lac-long-quan-3169824.html,8200.0,68.0,Quận 10,Nhà riêng,cafeland
https://nhadat.cafeland.vn/ban-nha-rieng-ban-nha-50m2-chi-nhinh-4-toi-gan-kinh-duong-vuong-an-lac-hx-3171121.html,4400.0,57.0,Quận 1,Nhà riêng,cafeland
https://nhadat.cafeland.vn/ban-kho-nha-xuong-ban-nen-biet-thu-2-mat-tien-truoc-sau-duong-51-du-an-phu-nhu-3169708.html,17500.0,175.0,Quận 2,Biệt thự,cafeland
https://nhadat.cafeland.vn/ban-nha-rieng-ban-nha-rieng-45m2-co-san-45-m2-tho-cu-gia-3-ty-tai-duong-le-van-3166510.html,3000.0,45.0,Quận Gò Vấp,Nhà riêng,cafeland
https://nhadat.cafeland.vn/ban-nha-rieng-nha-tran-huu-trang-nguyen-van-troi-3-tang-66m2-ngang-5m-3166479.html,7600.0,66.0,Quận 1,Nhà riêng,cafeland
https://nhadat.cafeland.vn/can-ho-canh-aeonmall-binh-duong-2pn-2wc-ban-giao-full-noi-that-don-vo-o-ngay-2463940.html,2160.0,60.0,Quận 1,Căn hộ,cafeland
https://nhadat.cafeland.vn/ban-nha-rieng-ban-nha-rieng-co-san-656-m2-tho-cu-gia-388-ty-tai-phuong-13-q-3166405.html,3880.0,65.6,Quận 6,Nhà riêng,cafeland
https://nhadat.cafeland.vn/ban-nha-rieng-chu-gui-ban-dt-80m2-co-san-80-m2-tho-cu-gia-2ty940tr-shr-tai-ph-3166404.html,2940.0,80.0,Quận 6,Nhà riêng,cafeland
https://nhadat.cafeland.vn/ban-nha-rieng-nha-truc-dt743a-ngang-55m-hem-xe-hoi-gia-chi-hon-2-ty-3166376.html,2970.0,77.0,TP. Thủ Đức,Nhà riêng,cafeland
https://nhadat.cafeland.vn/ban-can-ho-chung-cu-can-ho-50m2-the-western-capital-quan-6-gia-tot-phap-ly-ro-3169624.html,1000.0,48.54,Quận 6,Căn hộ,cafeland
https://nhadat.cafeland.vn/ban-nha-rieng-ban-nha-rieng-698m2-co-san-698-m2-tho-cu-gia-45-ty-tai-phuon-3169634.html,4500.0,69.8,Quận 8,Nhà riêng,cafeland
https://nhadat.cafeland.vn/ban-can-ho-chung-cu-chinh-chu-ban-can-ho-parcspring-block-a-88m2-3pn-gia-57-ty-3167670.html,5700.0,88.0,Quận 2,Căn hộ,cafeland
https://nhadat.cafeland.vn/ban-can-ho-khang-gia-chua-ra-so-92m-3pn2wc-gia-2590-ty-2812347.html,2590.0,92.0,Quận Gò Vấp,Căn hộ,cafeland
https://nhadat.cafeland.vn/ban-nha-rieng-ban-nha-hem-781a3-le-hong-phong-p12-q10-3173958.html,39900.0,120.0,Quận 10,Nhà riêng,cafeland
https://nhadat.cafeland.vn/ban-kho-nha-xuong-can-ban-lo-dat-mat-tien-duong-42-phuong-binh-trung-dong-q2-3173934.html,17500.0,203.0,Quận 2,Khác,cafeland
https://nhadat.cafeland.vn/ban-nha-rieng-nha-mat-tien-ngang-lon-9m-khu-ten-lua-kinh-doanh-dinh-da-nganh-3174448.html,8200.0,108.0,Quận Bình Tân,Nhà riêng,cafeland
https://nhadat.cafeland.vn/ban-can-ho-chung-cu-can-ho-homyland-2pn-85m2-46-ty-day-du-noi-that-0937-576-3171477.html,4600.0,85.0,Quận 2,Căn hộ,cafeland
https://nhadat.cafeland.vn/ban-nha-rieng-ban-nha-rieng-71m2-co-san-172-m2-tho-cu-gia-37-ty-tai-chon-p-3166344.html,3700.0,71.0,Quận Tân Phú,Nhà riêng,cafeland
https://nhadat.cafeland.vn/ban-dat-tho-cu-ban-dat-803m2-co-san-803-m2-tho-cu-gia-38-ty-tai-duong-nguyen-3161070.html,3800.0,80.3,Quận 8,Đất,cafeland
https://nhadat.cafeland.vn/ban-dat-tho-cu-dat-full-tho-cu-khu-do-thi-the-star-village-813m2-5m16-3161067.html,2900.0,81.3,Huyện Nhà Bè,Biệt thự,cafeland
https://nhadat.cafeland.vn/ban-dat-tho-cu-dat-full-tho-cu-khu-do-thi-the-star-village-5m165m-nha-3161068.html,3600.0,82.5,Huyện Nhà Bè,Biệt thự,cafeland
https://nhadat.cafeland.vn/ban-nha-rieng-h2578-nha-nat-tien-xay-moi-5-tang-sat-dh-van-lang-binh-thanh-3161199.html,4300.0,37.0,Quận Bình Thạnh,Nhà riêng,cafeland
https://nhadat.cafeland.vn/ban-nha-rieng-ban-nha-pham-the-hien-gan-cho-nhi-thien-duong-120m2-gan-mat-ti-3160699.html,8000.0,120.0,Quận 8,Nhà riêng,cafeland
https://nhadat.cafeland.vn/ban-nha-rieng-thanh-ly-gap-nha-phu-my-binh-thanhgia4ty05063m2-4tangso-vuo-3160848.html,4050.0,63.0,Quận Bình Thạnh,Nhà riêng,cafeland
https://nhadat.cafeland.vn/ban-nha-rieng-nha-dep-5-tang-thanh-xuan-25-q12-58m2-huong-dong-mat-me-ket-c-3160873.html,5200.0,58.0,Quận 12,Nhà riêng,cafeland
https://nhadat.cafeland.vn/ban-can-ho-chung-cu-can-ban-can-ho-h3-384-hoang-dieu-q4-2-1-can-3162350.html,1485.0,72.5,Quận 4,Căn hộ,cafeland
https://nhadat.cafeland.vn/ban-nha-rieng-1ty-590-32m2-full-noi-that-khu-vuc-duong-hoa-phan-xich-long-3162373.html,1590.0,32.0,Quận 1,Nhà riêng,cafeland
https://nhadat.cafeland.vn/ban-nha-rieng-nhabinhthanh-ke-ben-cho-cay-queo-48m2-cn-ngang-33m-no-hau-k-3162383.html,2550.0,48.0,Quận Bình Thạnh,Nhà riêng,cafeland
https://nhadat.cafeland.vn/ban-can-ho-chung-cu-can-ho-cao-cap-the-tresor-sap-co-so-hong-39-ben-van-3162294.html,2555.0,50.0,Quận 4,Căn hộ,cafeland
https://nhadat.cafeland.vn/ban-nha-rieng-hem-xe-hoi-nguyen-thai-son-giap-binh-thanh-56m2-4t-chi-7-3162458.html,7900.0,56.0,Quận 1,Nhà riêng,cafeland
https://nhadat.cafeland.vn/nha-gia-mem-linh-xuan-day-du-cong-nang-tret-lung-duc-gan-cho-gan-truong-3162162.html,1700.0,32.0,TP. Thủ Đức,Nhà riêng,cafeland
https://nhadat.cafeland.vn/ban-nha-rieng-hang-re-khong-oi-nguyen-dup7go-vaptphcm-shr-1ty-480-3162264.html,1480.0,15.0,Quận Gò Vấp,Nhà riêng,cafeland
https://nhadat.cafeland.vn/ban-nha-rieng-ban-nha-mt-hem-le-van-sy-q3-35m2-gia1450t-so-san-hem-xe-hoi-an-3162245.html,1450.0,35.0,Quận 3,Nhà riêng,cafeland
https://nhadat.cafeland.vn/ban-nha-rieng-ban-nhanh-gia-tot-le-van-tho-p9-qgv-gia-1ty730tl-4x15m-vao-o-3162256.html,1730.0,60.0,Quận Gò Vấp,Nhà riêng,cafeland
https://nhadat.cafeland.vn/ban-can-ho-chung-cu-hiem-co-can-goc-view-truc-dien-thu-thiem-song-sai-gon-ta-3158272.html,10000.0,88.0,Quận 1,Căn hộ,cafeland
https://nhadat.cafeland.vn/ban-dat-tho-cu-dat-full-tho-cu-nen-goc-duong-le-van-luong-8m18m-nha-b-3156656.html,2990.0,139.72,Huyện Nhà Bè,Đất,cafeland
https://nhadat.cafeland.vn/ban-nha-rieng-chu-gui-can-na-dep-noi-that-day-du-1-tret-1-lau-to-ngoc-van-q-3156771.html,1180.0,32.0,Quận 12,Nhà riêng,cafeland
https://nhadat.cafeland.vn/ban-nha-rieng-chi-hon-4-ty-ban-can-pho-4-tang-4x14m-khu-hang-bia-tiger-o-to-d-3156772.html,4000.0,56.0,Quận 12,Nhà riêng,cafeland
https://nhadat.cafeland.vn/ban-nha-rieng-ngay-go-dau-tan-huong-so-no-hau-4tang-ngang-45m-duoi-65-t-3158805.html,6500.0,70.0,Quận Tân Phú,Nhà riêng,cafeland
https://nhadat.cafeland.vn/ban-nha-cu-tien-xay-dung-moi-va-son-sua-duong-phan-huy-ich-quan-go-vap-2949414.html,15700.0,145.0,Quận Gò Vấp,Nhà riêng,cafeland
https://nhadat.cafeland.vn/ban-can-ho-chung-cu-so-huu-chcc-2pn-full-noi-that-soho-residence-trung-tam-q1-t-3158833.html,6500.0,55.0,Quận 1,Căn hộ,cafeland
https://nhadat.cafeland.vn/ban-can-ho-chung-cu-can-1pn-5-ty-all-in-gia-tot-new-city-chu-thien-chi-mau-le-k-3165003.html,5000.0,50.0,Quận 1,Căn hộ,cafeland
https://nhadat.cafeland.vn/ban-can-ho-chung-cu-gia-soc-75-ty-ban-can-ho-2pn-2wc-70m2-masteri-an-phu-p-3165068.html,7500.0,70.0,Quận 1,Căn hộ,cafeland
https://nhadat.cafeland.vn/ban-can-ho-chung-cu-ban-can-ho-new-city-thu-thiem-quan-2-gia-tot-de-dau-tu-3-3166129.html,10500.0,112.0,Quận 2,Căn hộ,cafeland
https://nhadat.cafeland.vn/ban-nha-rieng-ban-nha-rieng-48m2-co-san-48-m2-tho-cu-gia-135-ty-tai-chon-3166190.html,1350.0,48.0,Huyện Hóc Môn,Nhà riêng,cafeland
https://nhadat.cafeland.vn/ban-can-ho-chung-cu-ban-can-ho-homyland-riverside-81m2-gia-46-ty-view-song-056-3166214.html,4600.0,81.0,Quận 2,Căn hộ,cafeland
https://nhadat.cafeland.vn/ban-nha-rieng-ban-nha-rieng-110m2-co-san-110-m2-tho-cu-gia-5-ty-tai-duong-binh-3166160.html,5000.0,110.0,Quận Bình Tân,Nhà riêng,cafeland
https://nhadat.cafeland.vn/ban-can-ho-chung-cu-ban-gap-can-ho-3pn-the-sun-avenue-chi-81-ty-bao-toan-bo-th-3163313.html,8300.0,89.0,Quận 1,Căn hộ,cafeland
https://nhadat.cafeland.vn/ban-can-ho-chung-cu-ban-nhanh-can-ho-2pn-new-city-thu-thiem-noi-that-dep-gia-to-3162531.html,6300.0,61.0,Quận 2,Căn hộ,cafeland
https://nhadat.cafeland.vn/ban-nha-rieng-quan-11-ha-200tr-chi-con-1ty990-ban-nha-hem-1-ba-thang-h-3162535.html,1990.0,24.8,Quận 11,Nhà riêng,cafeland
https://nhadat.cafeland.vn/ban-can-ho-chung-cu-saigon-royal-quan-4-2-phong-ngu-2-wc-75m2-day-3162534.html,1765.0,75.0,Quận 4,Căn hộ,cafeland
https://nhadat.cafeland.vn/ban-dat-tho-cu-ban-dat-tang-nha-full-tho-cu-1235m2-5x247-duong-7m-so-rien-3162779.html,3600.0,123.5,Huyện Hóc Môn,Đất,cafeland
https://nhadat.cafeland.vn/ban-can-ho-chung-cu-ban-gap-chcc-jamona-city-dt-73m2-2pn-2wc-khong-noi-that-3164788.html,3700.0,73.0,Quận 7,Căn hộ,cafeland
https://nhadat.cafeland.vn/ban-nha-rieng-can-ho-era-tan-my-canh-phu-my-hung-85-m2-285-ty-full-noi-that-3164761.html,2850.0,85.0,Quận 7,Căn hộ,cafeland
https://nhadat.cafeland.vn/ban-nha-rieng-mtkd-hoang-hoa-tham-hoang-ke-viem-2-tang-155m2-khu-kinh-d-3163434.html,6400.0,155.0,Quận Tân Bình,Nhà riêng,cafeland
https://nhadat.cafeland.vn/ban-can-ho-the-opera-residence-1pn-5489m2-gia-192-ty-2557536.html,19200.0,54.89,Quận 1,Căn hộ,cafeland
https://nhadat.cafeland.vn/ban-can-ho-soho-resident-trung-tam-quan-1-cach-cho-ben-thanh-chi-chua-day-1km-2557292.html,7000.0,54.0,Quận 1,Căn hộ,cafeland
https://nhadat.cafeland.vn/nha-go-vap-61-m2-34-ty-tl-le-duc-tho-p17-o-to-do-cua-so-rieng-2555531.html,3400.0,61.0,Quận Bình Thạnh,Nhà riêng,cafeland
https://nhadat.cafeland.vn/ban-nha-3-tang-90m2-duong-cay-keo-tam-phu-thu-duc-gia-105-ty-2358001.html,10500.0,90.0,Quận Bình Thạnh,Nhà riêng,cafeland
https://nhadat.cafeland.vn/ban-can-ho-sai-gon-town-dt-60m2-2pn-co-nt-gia-chi-2150-ty-1323694.html,2150.0,60.0,Quận Tân Phú,Căn hộ,cafeland
https://nhadat.cafeland.vn/toi-ban-dat-khu-nha-o-xuan-thoi-dongduong-so-2-ke-cho-dau-moi-cu-cai-1699522.html,4000.0,120.0,Huyện Hóc Môn,Đất,cafeland
https://nhadat.cafeland.vn/biet-thu-vi-tri-dep-6-x-20m-1-tret-2-lau-vo-thi-sau-q3-tp-sai-gon-3142553.html,30500.0,120.0,Quận 3,Biệt thự,cafeland
https://nhadat.cafeland.vn/nha-pho-re-4-x-16m-1-tret-1-lau-nguyen-cu-trinh-quan-1-tphcm-2282058.html,22000.0,64.0,Quận 1,Nhà phố,cafeland
https://nhadat.cafeland.vn/can-nha-mat-tien-nguyen-thien-thuat-gan-100m2-2-mat-thoang-co-dong-tien-tot-2290339.html,35000.0,96.0,Quận 3,Nhà mặt tiền,cafeland
https://nhadat.cafeland.vn/ban-nha-mt-tran-quoc-toan-q3-dt-31x12m-2-tang-125-ty-2833704.html,12500.0,34.0,Quận 3,Nhà riêng,cafeland
https://nhadat.cafeland.vn/can-sang-nhuong-can-ho-conic-full-noi-tha-2pn-2wc-86m2-mat-tien-huynh-ba-chanh-2827290.html,3150.0,86.0,Quận 1,Căn hộ,cafeland
https://nhadat.cafeland.vn/ban-can-ho-dich-vu-6-lau-hem-791-tran-xuan-soan-phuong-tan-hung-q7-dt-7x20m-2220978.html,32000.0,140.0,Quận 7,Căn hộ,cafeland
https://nhadat.cafeland.vn/ban-can-2pn2wc-dt84m2-tang-7-chung-cu-era-town-duc-khai-q7-hcm-2831644.html,3400.0,84.0,Quận 7,Căn hộ,cafeland
https://nhadat.cafeland.vn/ban-nha-phuong-14-tan-binh-hem-o-to-gan-truong-chinh-2488454.html,12000.0,138.0,Quận Tân Bình,Nhà riêng,cafeland
https://nhadat.cafeland.vn/can-ho-82m2-mat-tien-ql13-gia-32-ty-tien-ich-sat-aeon-mall-khai-thac-dong-tien-2953347.html,3200.0,82.0,TP. Thủ Đức,Căn hộ,cafeland
https://nhadat.cafeland.vn/top-nha-vi-tri-dep-1-tret-1-lau-nguyen-duy-duong-q5-tphcm-2282234.html,14000.0,56.0,Quận 10,Nhà riêng,cafeland
https://nhadat.cafeland.vn/ban-can-ho-luxgarden-69m2-tang-cao-view-noi-khu-tp-cau-phu-my-gia-36-ty-2937442.html,3600.0,69.0,Quận 7,Căn hộ,cafeland
https://nhadat.cafeland.vn/chuyen-nhuong-can-ho-cao-cap-tai-vinhomes-grand-park-thu-duc-2482240.html,4500.0,48.7,TP. Thủ Đức,Căn hộ,cafeland
https://nhadat.cafeland.vn/lo-dat-tuyet-dep-vi-tri-dac-dia-kdc-ecogreen-hoan-cau-quan-7-5x14m-so-hong-2477692.html,11990.0,70.0,Quận 4,Đất,cafeland
https://nhadat.cafeland.vn/chi-tu-275-ty-so-huu-can-ho-lien-ke-sieu-thi-go-nhan-nha-quy-42026-2936323.html,2750.0,50.0,Quận 1,Căn hộ,cafeland
https://nhadat.cafeland.vn/ban-can-ho-dich-vu-7-tang-mat-tien-tran-van-ky-binh-thanh-3176640.html,32900.0,120.0,Quận Bình Thạnh,Căn hộ,cafeland
https://nhadat.cafeland.vn/nha-ban-bui-dinh-tuy-56m2-so-hong-rieng-hon-5-ty-3176716.html,5700.0,56.0,Quận Bình Thạnh,Nhà riêng,cafeland
https://nhadat.cafeland.vn/ban-can-ho-chung-cu-5ty5-con-thuong-luong-can-ho-114m2-tang-tret-3pn-2-ma-3178018.html,5500.0,114.0,Quận 7,Căn hộ,cafeland
https://nhadat.cafeland.vn/ban-nha-rieng-nha-dep-sc-dt-4x9m-duc-tret-1-lau-2pn-2wc-dong-thanh-4-2-hm-hcm-1-3178043.html,1200.0,36.0,Quận 12,Nhà riêng,cafeland
https://nhadat.cafeland.vn/ban-can-ho-chung-cu-chinh-chu-can-ban-nhanh-can-3-phong-ngu-full-noi-that-o-khu-3175313.html,1800.0,88.0,Quận Bình Tân,Căn hộ,cafeland
https://nhadat.cafeland.vn/ban-can-ho-chung-cu-ban-can-ho-bluesky-tower-quan-2-gia-29-ty-can-68m2ban-con-3175375.html,2000.0,68.0,Quận 2,Căn hộ,cafeland
https://nhadat.cafeland.vn/ban-nha-rieng-nha-thoi-tam-thon-12ty-ccvb-thoi-tam-thon-12-loc-ban-nhanh-3175066.html,1200.0,56.0,Huyện Hóc Môn,Nhà riêng,cafeland
https://nhadat.cafeland.vn/ban-nha-rieng-ban-nha-moi-huynh-tan-phat-nha-be-80m2-4-phong-ngu-299-ty-3174792.html,2990.0,80.0,Quận 7,Nhà riêng,cafeland
https://nhadat.cafeland.vn/ban-nha-rieng-ban-nha-mat-tien-tran-van-ky-binh-thanh-23m2-3-tang-21-ty-vua-o-3174852.html,2100.0,23.0,Quận Bình Thạnh,Nhà riêng,cafeland
https://nhadat.cafeland.vn/ban-nha-rieng-ban-nha-le-quang-dinh-phuong-7-binh-thanh-30m2-3-tang-195-ty-3174850.html,1950.0,30.0,Quận Bình Thạnh,Nhà riêng,cafeland
https://nhadat.cafeland.vn/nha-sieu-dep-noi-that-cao-cap-shr-chinh-chu-3175876.html,8200.0,203.0,Quận 12,Nhà riêng,cafeland
https://nhadat.cafeland.vn/ban-nha-rieng-ban-nha-khu-vip-duong-nguyen-gian-thanh-ngang-16m-lung-3-lau-st-3175951.html,24000.0,88.0,Quận 10,Nhà riêng,cafeland
https://nhadat.cafeland.vn/ban-can-ho-mini-dich-vu-can-ho-dich-vu-dong-tien-80trthang-khoang-6nam-c-3175718.html,16300.0,65.0,Quận 1,Căn hộ,cafeland
https://nhadat.cafeland.vn/ban-lo-dat-hem-xe-hoi-duong-so-12-phuong-an-khanh-q2-2481844.html,16000.0,63.0,Quận 2,Đất,cafeland
https://nhadat.cafeland.vn/quan-10-hxh-cach-mang-thang-tam-phuong-hoa-hung-54m2-3-tang-dep-4pn-16-ty-2324017.html,16000.0,54.0,Quận 10,Nhà riêng,cafeland
https://nhadat.cafeland.vn/so-huu-can-ho-symlife-thuan-an-mat-tien-ql13-chi-360tr-20-50m2-1pn1wc-36trm-2275060.html,1800.0,50.0,Quận 1,Căn hộ,cafeland
https://nhadat.cafeland.vn/ban-can-ho-hang-sang-kieu-by-kita-128m2-3pn-2wc-2289741.html,5000.0,128.0,Quận 5,Căn hộ,cafeland
https://nhadat.cafeland.vn/ban-nha-mat-tien-kdbb-mai-van-vinh-q7-dt-38x20m-61x17m-135x20-2281527.html,18000.0,65.0,Quận 7,Nhà mặt tiền,cafeland
https://nhadat.cafeland.vn/chuyen-nhuong-nha-mat-tien-kinh-doanh-duong-ban-co-phuong-ban-co-quan-3-2478316.html,24500.0,61.4,Quận 3,Nhà mặt tiền,cafeland
https://batdongsan.vn/ban-nha-mat-pho-linh-xuan-thu-duc-90m2-4pn-49-ty-so-hong-r134452,4900.0,90.0,TP. Thủ Đức,Nhà mặt tiền,batdongsan
https://batdongsan.vn/45mx39m-dt-175-m2-ban-dat-duong-thanh-xuan-25-hem-xe-hoi-10m-phuong-tl-q12-r134271,4250.0,175.0,Quận 12,Đất,batdongsan
https://batdongsan.vn/ban-dat-mat-tien-hem-xe-hoi-thanh-xuan-25-phuong-thanh-loc-quan-12-r134274,4950.0,175.0,Quận 12,Đất,batdongsan
https://batdongsan.vn/ban-nha-duong-ha-huy-giap-phuong-thanh-loc-q12-dt-120m2-57mx21m-49ty-r134340,4900.0,120.0,Quận 12,Nhà mặt tiền,batdongsan
https://batdongsan.vn/ban-nha-hoang-dieu-q4-57m2-4-tang-5pn-5wc-39-ty-r133615,3900.0,57.0,Quận 4,Nhà riêng,batdongsan
https://batdongsan.vn/ban-nha-1-tret-1-lau-2-phong-ngu-50m2-kha-van-can-gia-chi-2-ty-650tr-qua-re-r135409,2650.0,50.0,TP. Thủ Đức,Nhà riêng,batdongsan
https://batdongsan.vn/ban-nha-42x18m-4-tang-hem-xe-hoi-tan-ky-tan-quy-tan-phu-r135428,5900.0,77.0,Quận Tân Phú,Nhà riêng,batdongsan
https://batdongsan.vn/ban-nha-tan-binh-90m2-xe-tai-thong-5-tang-nhinh-9-ty-r135392,9490.0,90.0,Quận Tân Bình,Nhà riêng,batdongsan
https://batdongsan.vn/p4q8-chi-32-ty-nha-dep-o-lien-gan-cho-pham-the-hien-r134783,3200.0,35.0,Quận 8,Nhà phố,batdongsan
https://batdongsan.vn/khuon-dat-sieu-dep-no-hau-mat-tien-duong-so-2-cu-xa-do-thanh-quan-366x20-40ty-r132161,40000.0,151.0,Quận 3,Đất,batdongsan
https://batdongsan.vn/ban-dat-mat-tien-duong-160-tang-nhon-phu-a-thu-duc-gia-tot-100m2-r131825,4200.0,100.0,Quận 9,Đất,batdongsan
https://batdongsan.vn/1-ban-dat-tang-nha-gan-khu-tthc-tpthu-duc-100m2-vuong-chi-nhinh-7x-tr-m2-r131695,7250.0,154.0,Quận 2,Đất,batdongsan
https://batdongsan.vn/top-3-can-nha-phan-khuc-duoi-50-ty-quan-10-ban-nha-goc-2mt-hoa-hung-42-ty-r132930,42000.0,140.0,Quận 10,Căn hộ,batdongsan
https://batdongsan.vn/ban-nha-duong-ho-van-long-binh-hung-hoa-b-binh-tan-130m2-5-x-25-no-hau-53m-nhinh-4-ty-r132686,4900.0,130.0,Quận Bình Tân,Nhà riêng,batdongsan
https://batdongsan.vn/ban-can-ho-2pn-3pn-khu-nam-sg-quy-12027-nhan-nha-bank-70-0ls-24-thang-r138248,4200.0,79.0,Quận 1,Căn hộ,batdongsan
https://batdongsan.vn/chi-550-trieu-so-huu-can-ho-chuan-home-tera-luxury-nam-sg-r137831,4300.0,91.0,Quận 1,Căn hộ,batdongsan
https://batdongsan.vn/ban-nha-2-tang-dep-hem-1-sec-duong-linh-dong-thu-duc-tphcm-gia-cuc-tot-r137781,3800.0,87.0,TP. Thủ Đức,Nhà riêng,batdongsan
https://batdongsan.vn/ban-nha-binh-chieu-3pn-so-vuong-dep-hem-duong-19-chi-275-ty-don-vao-o-ngay-r139644,2750.0,48.0,TP. Thủ Đức,Nhà riêng,batdongsan
https://batdongsan.vn/ban-nha-hxh-ha-huy-giap-thanh-loc-q12-177m2-2-tang-ngang-6m-chi-gan-5-ty-r136096,4990.0,177.0,Quận 12,Nhà riêng,batdongsan
https://batdongsan.vn/ban-nha-ha-huy-giap-quan-12-giap-go-vap-r136369,740.0,24.0,Quận 12,Nhà riêng,batdongsan
https://batdongsan.vn/ban-nha-3-tang-163-m2-huong-lo-3-binh-hung-hoa-binh-tan-hxh-chi-9-ty-so-do-r135566,9000.0,163.0,Quận Bình Tân,Căn hộ,batdongsan
https://batdongsan.vn/ban-nha-mat-tien-kd-huynh-tan-phat-kcx-tan-thuan-11x21mm-3-tang-cu-42-ty-r135889,42000.0,227.0,Quận 7,Nhà mặt tiền,batdongsan
https://batdongsan.vn/chu-moi-gui-hxh-luy-ban-bich-3t-4x18m-oto-do-cua-chu-gap-ban-truoc-tet-r137405,6000.0,72.0,Quận Tân Phú,Nhà phố,batdongsan
https://batdongsan.vn/ban-nha-hxh-chu-van-an-38x10-gan-ba-chieu-hang-xanh-nhinh-3-ti-r136960,3350.0,38.0,Quận Bình Thạnh,Nhà riêng,batdongsan
https://batdongsan.vn/dat-trong-ngay-khu-dan-cu-him-lam-vi-tri-tim-nang-don-dau-cau-nguyen-khoai-53m2-4x13-hem-xe-r136947,9900.0,53.0,Quận 7,Đất,batdongsan
https://batdongsan.vn/mat-tien-dang-thuc-lieng-49m2-4-tang-nha-con-moi-chinh-chu-dang-o-chi-68-ty-p4q8-r137054,6990.0,94.0,Quận 8,Nhà phố,batdongsan
https://batdongsan.vn/trinh-bay-thong-tin-bat-dong-san-mot-cach-ro-rang-va-hap-dan-thi-ban-nen-tuan-thu-cac-nguyen-tac-r125567,1150.0,45.0,Quận Bình Tân,Nhà mặt tiền,batdongsan
https://batdongsan.vn/ban-nha-goc-2-mt-tan-phu-trung-hcu-chi-hcm-r125573,3600.0,223.0,Quận Tân Phú,Nhà riêng,batdongsan
https://batdongsan.vn/duoi-day-la-mot-so-tinh-nang-noi-bat-cua-vbdsp-r125614,1150.0,45.0,Quận 2,Biệt thự,batdongsan
https://batdongsan.vn/can-ho-chung-cu-dep-gia-cuc-ky-hap-dan-duong-au-co-58m2-chi-21-ty-don-vao-o-ngay-r125621,2150.0,58.0,Quận 1,Căn hộ,batdongsan
https://batdongsan.vn/200m2-dat-tho-cu-khu-him-lam-10x20m-mat-tien-duong-so-10-xe-hoi-thong-tan-hung-quan-7-42-ty-r125533,42000.0,200.0,Quận 7,Đất,batdongsan
https://batdongsan.vn/nhinh-7-ty-ban-nha-cap-4-2-mat-tien-huynh-tan-phat-p-tan-phu-q-7-r125758,7500.0,78.0,Quận 7,Nhà phố,batdongsan
https://batdongsan.vn/nha-mat-tien-duong-882-phu-huu-dt-64m-3-tang-gia-tot-r127371,5200.0,64.0,Quận 9,Nhà mặt tiền,batdongsan
https://batdongsan.vn/chi-thanh-toan-10-gtch-tuong-duong-khoang-160tr-cho-can-ho-556m2-2pn-1wc-cho-den-khi-nhan-nha-r127219,1650.0,55.0,Quận 1,Căn hộ,batdongsan
https://batdongsan.vn/ban-nha-truong-chinh-p12-tan-binh-r126768,2900.0,192.0,Quận Tân Bình,Nhà riêng,batdongsan
https://batdongsan.vn/ban-nha-4-lau-sieu-dep-dt-131m2-hem-o-to-duong-so-9-phuong-linh-tay-thu-duc-10-ty-r124403,10000.0,131.0,Quận 1,Nhà riêng,batdongsan
https://batdongsan.vn/ban-dat-hxh-ho-van-long-binh-hung-hoa-b-binh-tan-65m2-khu-phan-lo-dong-bo-r123571,3200.0,65.0,Quận Bình Tân,Đất,batdongsan
https://batdongsan.vn/khong-the-re-hon-can-goc-2-mat-tien-duong-rong-12m-doi-dien-cong-truong-dh-plong-truongquan-r123595,5800.0,139.0,Quận 1,Căn hộ,batdongsan
https://batdongsan.vn/mat-tien-da-nam-65x20-no-hau-138m2-125-p2-q8-chi-30-ty-r125118,30000.0,138.0,Quận 8,Căn hộ,batdongsan
https://batdongsan.vn/kha-van-can-nha-3-tang-kcbt-3pn-3wc-3-mat-thoang-gia-1-ty-79-r125134,1799.0,40.0,TP. Thủ Đức,Căn hộ,batdongsan
https://batdongsan.vn/co-hoi-so-huu-dat-260m2-voi-khoan-thu-nhap-on-dinh-so-rieng-r125096,6700.0,260.0,TP. Thủ Đức,Đất,batdongsan
https://batdongsan.vn/1-ban-nha-tran-binh-trong-p5-binh-thanh-61m2-4-tang-7pn-chi-5x-ty-r125171,5900.0,61.0,Quận 1,Nhà riêng,batdongsan
https://batdongsan.vn/nha-mat-tien-kinh-doanh-sam-uat-chu-van-an-gan-truong-can-bo-r125007,16500.0,65.0,Quận Bình Thạnh,Nhà mặt tiền,batdongsan
https://batdongsan.vn/giam-soc-500tr-cuc-gap-ban-nha-5-tang-3pn-4wc-ngang-57m-chi-66-ty-binh-thanh-r125326,6600.0,38.0,Quận 1,Nhà riêng,batdongsan
https://batdongsan.vn/4pn-3-tang-btct-ban-nha-le-van-tho-hem-xe-hoi-p8-go-vap-3x-ty-r124632,3500.0,32.0,Quận Gò Vấp,Nhà phố,batdongsan
https://batdongsan.vn/1-ban-nha-mtkd-benh-vien-q2-le-van-thinh-107m2-ngang-65m-hoan-cong-r124571,6500.0,107.0,Quận 2,Nhà riêng,batdongsan
https://batdongsan.vn/mua-dat-tang-nha-hxh-tinh-lo-43-gia-re-dau-tu-chi-39trm2-r129927,3500.0,92.0,TP. Thủ Đức,Đất,batdongsan
https://batdongsan.vn/ban-nha-hxh-ha-chao-900-tr-pham-phu-thu-p3-q6-65m2-4-tang-gia-re-r130392,5950.0,65.0,Quận 6,Nhà riêng,batdongsan
https://batdongsan.vn/mat-tien-kinh-doanh-pham-the-hien-39x38-p6-chi-8-ty-r130162,8000.0,129.0,Quận 8,Nhà phố,batdongsan
https://batdongsan.vn/ban-nha-huynh-van-banh-p11-ngang-5m-4-tang-btct-6pn-6wc-80m2-gia-135-ty-r129635,1350.0,80.0,Quận 3,Nhà riêng,batdongsan
https://batdongsan.vn/biet-thu-ba-thang-hai-quan-10-8-x-12-hem-o-to-tranh-chi-28-ty-r129855,28000.0,96.0,Quận 10,Biệt thự,batdongsan
https://batdongsan.vn/ban-can-ho-cao-cap-2pn2wc-gan-aeon-binh-duong-r130475,1850.0,65.0,TP. Thủ Đức,Căn hộ,batdongsan
https://batdongsan.vn/ban-nha-quang-trung-go-vap-80m2-hxh-lo-goc-ngang-sieu-hiem-gan-5m-nhinh-5-ty-r130429,5800.0,80.0,Quận Bình Thạnh,Nhà riêng,batdongsan
https://batdongsan.vn/mat-tien-phu-loi-biet-thu-45x25-chi-5-ty-55-r130462,5550.0,114.0,Quận 8,Biệt thự,batdongsan
https://batdongsan.vn/ban-nha-le-minh-xuan-p7-tan-binh-r128037,1800.0,80.0,Quận Tân Bình,Nhà riêng,batdongsan
https://batdongsan.vn/nha-mat-tien-duong-vo-van-hat-long-truong-dt-80m-3-tang-gia-tot-r128156,6700.0,80.0,Quận 9,Nhà mặt tiền,batdongsan
https://batdongsan.vn/ban-nha-moi-xay-duong-so-6-linh-xuan-thu-duc-lh-0909428959-r128265,6500.0,250.0,TP. Thủ Đức,Nhà riêng,batdongsan
https://batdongsan.vn/ban-nha-doi-dien-cong-vien-quan-8-166-m2-6-ty-hop-dong-thue-200-trieunam-r128224,6000.0,151.0,Quận 8,Căn hộ,batdongsan
https://batdongsan.vn/ban-nha-rieng-53m2-gia-1-ti-xuan-thoi-thuong-hoc-mon0932162723-r127862,1000.0,53.0,Huyện Hóc Môn,Nhà riêng,batdongsan
https://batdongsan.vn/nha-pho-3-tang-full-noi-that-vi-tri-vang-binh-duong-gia-chi-nhinh-3-ty-r127730,3900.0,60.0,Quận Tân Bình,Nhà phố,batdongsan
https://batdongsan.vn/ban-nha-mat-tien-6-tang-10x20m-gia-91-ty-duong-thoi-an-8-quan12-r127737,9100.0,200.0,Quận 12,Nhà mặt tiền,batdongsan
https://batdongsan.vn/ban-lo-dat-co-day-tro-dt-dat-140m2-hem-o-to-duong-dt43-phuong-binh-chieu-thu-duc-58-ty-r128928,5800.0,140.0,TP. Thủ Đức,Đất,batdongsan
https://batdongsan.vn/nha-hem-2117-pham-the-hien-227m2-ngang-14-chi-7-ty-5-r129305,7500.0,227.0,Quận 8,Căn hộ,batdongsan
https://batdongsan.vn/nha-mat-tien-hem-duong-8m-binh-trung-tay-q2-100m2-ngang-7m-nhinh-7-ty-r129333,7200.0,100.0,Quận 2,Nhà mặt tiền,batdongsan
https://batdongsan.vn/co-hoi-so-huu-lo-dat-tiem-nang-tai-binh-trung-dong-q2-r129206,7500.0,128.0,Quận 2,Đất,batdongsan
https://batdongsan.vn/ban-nha-ngay-cho-tan-hiep-hoc-mon-94m2-xe-hoi-ngu-trong-nha-chi-285-ty-tl-r128877,2850.0,94.0,Huyện Hóc Môn,Nhà riêng,batdongsan
https://batdongsan.vn/1-ban-nha-an-khanh-tran-nao-62m2-4x155m-vuong-2-tang-4-pn-hxh-chi-11x-t-r128683,11800.0,62.0,Quận 2,Nhà riêng,batdongsan
https://batdongsan.vn/ban-nha-hong-lac-p11-tan-binh-r128687,4800.0,80.0,Quận Tân Bình,Nhà riêng,batdongsan
https://batdongsan.vn/fiato-airport-city-can-ho-chuan-hang-a-dau-tien-lien-ke-san-bay-quoc-te-long-thanh-r128751,1900.0,52.0,Quận Bình Thạnh,Căn hộ,batdongsan
https://batdongsan.vn/ban-nha-nat-mat-tien-bong-sao-144m2-ngang-no-hau-xay-6-tang-chi-129-ty-0948769331-r211077,12900.0,160.0,Quận 8,Nhà phố,batdongsan
https://batdongsan.vn/ban-nha-mat-tien-kinh-doanh-do-xuan-hop-phuong-a-dt-144m-gia-tot-r211552,20000.0,144.0,Quận 9,Nhà mặt tiền,batdongsan
https://batdongsan.vn/ban-nha-hem-xe-hoi-10m-ngay-tran-nao-gan-song-140m210x14-5-tang-22pn-42-ty-r208515,42000.0,140.0,Quận 2,Căn hộ,batdongsan
https://batdongsan.vn/ban-dat-gia-tot-kdc-hien-huu-cat-lai-tp-hcm-r208786,6500.0,200.0,Quận 2,Đất,batdongsan
https://batdongsan.vn/dat-dep-hxh-nguyen-van-qua-74m2-xay-5-tang-chi-499-ty-r208605,4990.0,74.0,Quận 12,Đất,batdongsan
https://batdongsan.vn/gia-re-bat-ngo-dat-mt-dong-thanh-chi-375-ty-r208561,3750.0,126.0,Quận Gò Vấp,Đất,batdongsan
https://batdongsan.vn/ban-dat-mat-tien-duong-5x36m-gia-515-ty-duong-dong-thanh-7-r208687,5150.0,180.0,Quận 12,Đất,batdongsan
https://batdongsan.vn/dat-mat-tien-kdc-dai-phuc-vip-5x20-tien-xay-moi-giap-quan-8-0931172218-r208051,9800.0,152.0,Quận 8,Đất,batdongsan
https://batdongsan.vn/nha-mat-tien-biet-thu-kdc-gia-hoa-ngang-8m-be-the-tang-noi-that-0931172218-r208052,12350.0,160.0,Quận 7,Biệt thự,batdongsan
https://batdongsan.vn/ban-cu-xa-dien-luc-thu-duc-ngay-metro-binh-thai-70m2-265-ty-r209438,2650.0,70.0,Quận 1,Căn hộ,batdongsan
https://batdongsan.vn/chinh-chu-ban-sieu-pham-dat-dep-phu-hop-cho-moi-gia-dinh-r209694,1250.0,50.0,Huyện Nhà Bè,Đất,batdongsan
https://batdongsan.vn/ban-nha-cap-4-kien-co-hem-xe-hoi-gia-tot-khu-long-phuoc-r209140,2000.0,120.0,Quận 9,Nhà riêng,batdongsan
https://batdongsan.vn/ban-nha-2-tang-21m2-nguyen-than-hien-q4-56-ty-so-do-r209194,5699.0,21.0,Quận 4,Nhà riêng,batdongsan
https://batdongsan.vn/ban-nha-hxh-8m-dle-van-sy-quan-3-ngang-dep-5m26m-chinh-chu-1-doi-xua-nay-lh-giang-giang-r216051,30000.0,129.0,Quận 3,Nhà riêng,batdongsan
https://batdongsan.vn/1422-huynh-tan-phat-phu-my-q7-4x7-m2-chi-990tr-cong-chung-vi-bang-r215866,990.0,28.0,Quận 7,Nhà riêng,batdongsan
https://batdongsan.vn/chinh-chu-ban-biet-thu-mini-khu-tan-tao-gia-tot-gan-khu-ten-lua-san-de-o-to-r217503,7100.0,186.0,Quận 6,Biệt thự,batdongsan
https://batdongsan.vn/dat-nen-kdt-bac-sai-gon-mat-tien-dt741-so-san-tu-239tr-r218199,1139.0,70.0,Quận Tân Bình,Đất,batdongsan
https://batdongsan.vn/nha-ngay-ga-tu-ga-sat-go-vap-pan-phu-dong-tphcm-r218030,2860.0,48.0,Quận Gò Vấp,Nhà riêng,batdongsan
https://batdongsan.vn/ban-nha-cap-4-mat-tien-duong-8m-phuong-binh-hung-hoa-a-quan-binh-tanchi-66-ty-vi-tri-ly-r217665,6600.0,100.0,Quận Bình Tân,Nhà riêng,batdongsan
https://batdongsan.vn/mt-kinh-doanh-chi-8-ty-900-4-tang-4x165-r217659,5000.0,66.0,Huyện Nhà Bè,Nhà phố,batdongsan
https://batdongsan.vn/lo-dat-nho-gon-tai-dong-thanh-hoc-mon-chi-217-ty-giao-dich-nhanh-gon-r216835,22000.0,217.0,Huyện Hóc Môn,Đất,batdongsan
https://batdongsan.vn/chinh-chu-ban-can-ho-chung-cu-vinh-tuong-tan-tao-a-binh-tan-r213448,2780.0,89.0,Quận Bình Tân,Căn hộ,batdongsan
https://batdongsan.vn/ban-nha-hem-100-tran-hung-dao-f-pham-ngu-lao-q1-gia-79-ty-r213200,7900.0,30.0,Quận 1,Nhà riêng,batdongsan
https://batdongsan.vn/ban-dat-mat-tien-nhua-6m-dong-thanh-hoc-mon-10x25m-r212934,7100.0,250.0,Quận 12,Đất,batdongsan
https://batdongsan.vn/dat-ngo-72-binh-loc-tp-hai-duong-mat-434m-gia-1ty4xx-r212904,1450.0,40.0,Quận Tân Bình,Đất,batdongsan
https://batdongsan.vn/ban-2-lo-dat-gia-giam-sau-duong-39-linh-dong-gan-pham-van-dong-vanh-dai-2-r214795,6500.0,76.0,Quận Bình Thạnh,Đất,batdongsan
https://batdongsan.vn/ban-nha-dep-duong-ba-trac-p1-q8-100m2-4pn-nhinh-59-ty-0948769331-r215019,5900.0,100.0,Quận 8,Nhà phố,batdongsan
https://batdongsan.vn/can-ho-dich-vu-le-van-sy-quan-3-dt-65-m2-5x13m-doanh-thu-660-tr-gia-95-ty-r214087,9500.0,231.0,Quận 3,Căn hộ,batdongsan
https://batdongsan.vn/ban-can-nha-3-mat-tien-duong-tran-quang-khai-quan-1-vi-tri-vang-hiem-co-dt-4m19m-lien-he-r214135,28000.0,75.0,Quận 1,Nhà mặt tiền,batdongsan
https://batdongsan.vn/chinh-chu-ban-can-ho-iris-tower-can-goc-dep-59m2-2pn-2wc-da-co-so-hong-r213848,1750.0,59.0,TP. Thủ Đức,Căn hộ,batdongsan
https://batdongsan.vn/ban-nha-truong-sa-quan-3-4-x-10m-41-m2-3-tang-8-ty-r214308,8000.0,87.0,Quận 3,Nhà riêng,batdongsan
https://batdongsan.vn/ban-can-ho-thao-dien-green-2pn-88m2-mat-tien-nguyen-van-huong-canh-ga-metro-chi-16-ty-r142575,16000.0,88.0,Quận 2,Căn hộ,batdongsan
https://batdongsan.vn/lo-dat-106m2-full-tho-khong-quy-hoach-hem-xe-hoi-thongnguyen-van-taochi-235-ty-r142452,2400.0,106.0,Quận 7,Đất,batdongsan
https://batdongsan.vn/ban-nha-so-rieng-1-lau-tret-sat-kdc-lavender-tin-khai-r142793,2050.0,85.0,Quận 9,Nhà riêng,batdongsan
https://batdongsan.vn/ban-nha-mat-tien-nguyen-cuu-phu-binh-tan-155m2-4-tang-nhinh-10-ty-r141971,10400.0,155.0,Quận Bình Tân,Nhà mặt tiền,batdongsan
https://batdongsan.vn/3612mban-nha-3-tang3pnle-van-khuonghiep-thanh-q12-nhinh-2-ty-r141911,2190.0,48.0,Quận 12,Nhà phố,batdongsan
https://batdongsan.vn/hang-hiem-ban-can-ho-homyland-3-80m2-2pn-2wc-gia-chi-36-ty-r143520,3654.0,80.0,Quận 2,Căn hộ,batdongsan
https://batdongsan.vn/ban-nha-q10-mat-tien-5-tang-hem-285-dep-nhat-cmt8-4mx16m-nhinh-23-ty-r143437,23600.0,64.0,Quận 10,Nhà riêng,batdongsan
https://batdongsan.vn/nha-mat-tien-le-van-viet-tang-nhon-phu-b-dt-150m-cap-4-r143445,24000.0,150.0,Quận 9,Nhà mặt tiền,batdongsan
https://batdongsan.vn/mat-tien-duong-so-1-kdc-binh-dien-5x16-chi-8-ty-r143769,8000.0,80.0,Quận 8,Nhà phố,batdongsan
https://batdongsan.vn/ban-nha-mat-pho-linh-xuan-thu-duc-92m2-45-ty-so-hong-hoac-nha-mat-pho-92m2-linh-xuan-thu-r143700,4500.0,92.0,TP. Thủ Đức,Nhà mặt tiền,batdongsan
https://batdongsan.vn/ban-nha-3-tang-trong-kdc-hem-xe-hoi-pham-huu-lau-gia-soc-chi-195-ty-r143726,1950.0,25.0,Quận 7,Nhà riêng,batdongsan
https://batdongsan.vn/mat-tien-10m-khu-phan-lo-tam-binh-thu-duc-dt-80m2-52-x-6-4-tang-chi-7ty-r142980,7000.0,80.0,Quận 2,Nhà phố,batdongsan
https://batdongsan.vn/5414mban-nha-2-tang2pn-le-van-tho-p16-go-vap-nhinh-4-ty-r142884,4700.0,83.0,Quận Gò Vấp,Nhà phố,batdongsan
https://batdongsan.vn/thanh-xuan-24-100-dat-tho-cu-khu-hien-huu-ngay-trung-tam-phuong-thanh-xuanq12-880tr-r143250,880.0,20.0,Quận 12,Đất,batdongsan
https://batdongsan.vn/hem-xe-hoiban-nha-2-tang2pn-pham-van-bach-p12-go-vap-nhinh-2-ty-r140714,2690.0,32.0,Quận Gò Vấp,Nhà phố,batdongsan
https://batdongsan.vn/nha-goc-2-mat-tien-duong-898-phu-huu-dt-72m-gia-tot-r140539,4400.0,72.0,Quận 9,Nhà mặt tiền,batdongsan
https://batdongsan.vn/biet-thu-dang-cap-khu-dan-cu-phu-nhuan-vip-bac-nhat-quan-12-mat-tien-duong-nhua-12m-ngang-r139878,8980.0,115.0,Quận 12,Biệt thự,batdongsan
https://batdongsan.vn/ban-nha-4-tang-7x18-duong-8m-thong-to-ky-tan-xuan-hoc-mon-r140107,6000.0,126.0,Huyện Hóc Môn,Nhà riêng,batdongsan
https://batdongsan.vn/gio-hang-noi-bo-eton-park-toa-thap-a1-a2-a3-a6-nhanh-tay-lien-he-em-trang-de-chon-can-dep-nhat-r140203,6500.0,55.0,Quận 2,Shophouse,batdongsan
https://batdongsan.vn/416m-ban-nha-cap-4-hem-6m-lam-thi-hotch-quan-12-nhinh-2-ty-r140014,2000.0,64.0,Quận 12,Nhà phố,batdongsan
https://batdongsan.vn/ban-nha-hem-xe-hoi-60m2-28-bac-trung-my-tay-quan-12-r141829,2800.0,60.0,Quận 12,Nhà riêng,batdongsan
https://batdongsan.vn/biet-thu-132m2-2-tang-51-dang-nhu-lam-thi-tran-nha-be-gia-6-ty-6-r141677,6600.0,132.0,Quận 7,Biệt thự,batdongsan
https://batdongsan.vn/chinh-chu-can-banh-nhanh-dat-60m2-phuong-tan-kieng-quan-7-r141216,10200.0,60.0,Quận 7,Đất,batdongsan
https://batdongsan.vn/ban-nha-mat-tien-tien-lan-9-ba-diem-hoc-mon-72m2-gia-4-ty-tl-r141281,4000.0,72.0,Huyện Hóc Môn,Nhà mặt tiền,batdongsan
https://batdongsan.vn/ban-dat-ngay-benh-vien-thu-duc-mat-tien-duong-so-3-tam-binh-tp-thu-duc-r206100,6000.0,80.0,TP. Thủ Đức,Đất,batdongsan
https://batdongsan.vn/ban-sieu-pham-chdv-vip-2-mat-tien-hxh-thong-d-ton-that-tung-q1-don-luong-khach-tay-luu-tru-r205956,25500.0,76.0,Quận 1,Căn hộ,batdongsan
https://batdongsan.vn/can-tien-gap-chinh-chu-ban-re-nha-dep-dat-rong-gan-truong-dh-binh-duong-lh-0354555640-r205831,2500.0,125.0,Quận 12,Đất,batdongsan
https://batdongsan.vn/cap4-64m-no-hau-nhe-hem-oto-thong-giua-nguyen-anh-thu-cach-20m-ra-mat-tien-duong-gia-chi-r205562,3600.0,88.0,Quận 12,Nhà phố,batdongsan
